Audio ID,Start time
Audio_ID_0,00:00
Audio_ID_1,00:11
Audio_ID_2,00:21
Audio_ID_3,00:31
Audio_ID_4,00:41
Audio_ID_5,00:51
Audio_ID_6,01:01
Audio_ID_7,01:11
Audio_ID_8,01:21
Audio_ID_9,01:31
Audio_ID_10,01:41
Audio_ID_11,01:51
Audio_ID_12,02:01
Audio_ID_13,02:11
Audio_ID_14,02:21
Audio_ID_15,02:31
Audio_ID_16,02:41
Audio_ID_17,02:51
Audio_ID_18,03:01
Audio_ID_19,03:11
Audio_ID_20,03:21
Audio_ID_21,03:31
Audio_ID_22,03:41
Audio_ID_23,03:51
Audio_ID_24,04:01
Audio_ID_25,04:11
Audio_ID_26,04:21
Audio_ID_27,04:31
Audio_ID_28,04:41
Audio_ID_29,04:51
Audio_ID_30,05:01
Audio_ID_31,05:11
Audio_ID_32,05:21
Audio_ID_33,05:31
Audio_ID_34,05:41
Audio_ID_35,05:51
Audio_ID_36,06:01
Audio_ID_37,06:11
Audio_ID_38,06:21
Audio_ID_39,06:31
Audio_ID_40,06:41
Audio_ID_41,06:51
Audio_ID_42,07:01
Audio_ID_43,07:11
Audio_ID_44,07:21
Audio_ID_45,07:31
Audio_ID_46,07:41
Audio_ID_47,07:51
Audio_ID_48,08:01
Audio_ID_49,08:11
Audio_ID_50,08:21
Audio_ID_51,08:31
Audio_ID_52,08:41
Audio_ID_53,08:51
Audio_ID_54,09:01
Audio_ID_55,09:11
Audio_ID_56,09:21
Audio_ID_57,09:31
Audio_ID_58,09:41
Audio_ID_59,09:51
Audio_ID_60,10:01
Audio_ID_61,10:11
Audio_ID_62,10:21
Audio_ID_63,10:31
Audio_ID_64,10:41
Audio_ID_65,10:51
Audio_ID_66,11:01
Audio_ID_67,11:11
Audio_ID_68,11:21
Audio_ID_69,11:31
Audio_ID_70,11:41
Audio_ID_71,11:51
Audio_ID_72,12:01
Audio_ID_73,12:11
Audio_ID_74,12:21
Audio_ID_75,12:31
Audio_ID_76,12:41
Audio_ID_77,12:51
Audio_ID_78,13:01
Audio_ID_79,13:11
Audio_ID_80,13:21
Audio_ID_81,13:31
Audio_ID_82,13:41
Audio_ID_83,13:51
Audio_ID_84,14:01
Audio_ID_85,14:11
Audio_ID_86,14:21
Audio_ID_87,14:31
Audio_ID_88,14:41
Audio_ID_89,14:51
Audio_ID_90,15:01
Audio_ID_91,15:11
Audio_ID_92,15:21
Audio_ID_93,15:31
Audio_ID_94,15:41
Audio_ID_95,15:51
Audio_ID_96,16:01
Audio_ID_97,16:11
Audio_ID_98,16:21
Audio_ID_99,16:31
Audio_ID_100,16:41
Audio_ID_101,16:51
Audio_ID_102,17:01
Audio_ID_103,17:11
Audio_ID_104,17:21
Audio_ID_105,17:31
Audio_ID_106,17:41
Audio_ID_107,17:51
Audio_ID_108,18:01
Audio_ID_109,18:11
Audio_ID_110,18:21
Audio_ID_111,18:31
Audio_ID_112,18:41
Audio_ID_113,18:51
Audio_ID_114,19:01
Audio_ID_115,19:11
Audio_ID_116,19:21
Audio_ID_117,19:31
Audio_ID_118,19:41
Audio_ID_119,19:51
Audio_ID_120,20:01
Audio_ID_121,20:11
Audio_ID_122,20:21
Audio_ID_123,20:31
Audio_ID_124,20:41
Audio_ID_125,20:51
Audio_ID_126,21:01
Audio_ID_127,21:11
Audio_ID_128,21:21
Audio_ID_129,21:31
Audio_ID_130,21:41
Audio_ID_131,21:51
Audio_ID_132,22:01
Audio_ID_133,22:11
Audio_ID_134,22:21
Audio_ID_135,22:31
Audio_ID_136,22:41
Audio_ID_137,22:51
Audio_ID_138,23:01
Audio_ID_139,23:11
Audio_ID_140,23:21
Audio_ID_141,23:31
Audio_ID_142,23:41
Audio_ID_143,23:51
Audio_ID_144,24:01
Audio_ID_145,24:11
Audio_ID_146,24:21
Audio_ID_147,24:31
Audio_ID_148,24:41
Audio_ID_149,24:51
Audio_ID_150,25:01
Audio_ID_151,25:11
